[
  {
    "id": "c4da173e-ff9f-402c-a2e2-820237a79491",
    "data": [
      {
        "text": "停止",
        "meta": "@sys.ignore",
        "userDefined": false
      },
      {
        "text": "風扇",
        "alias": "Fan_Name",
        "meta": "@Fan_Name",
        "userDefined": false
      },
      {
        "text": "控制",
        "userDefined": false
      }
    ],
    "isTemplate": false,
    "count": 0,
    "updated": 0
  },
  {
    "id": "fc9a3a11-0ced-4e86-a4dc-e9749aefbbaa",
    "data": [
      {
        "text": "結束",
        "userDefined": false
      },
      {
        "text": "風扇",
        "alias": "Fan_Name",
        "meta": "@Fan_Name",
        "userDefined": false
      },
      {
        "text": "控制",
        "userDefined": false
      }
    ],
    "isTemplate": false,
    "count": 0,
    "updated": 0
  },
  {
    "id": "17132e0c-6b78-4653-a5b2-a5dafd0dbd6c",
    "data": [
      {
        "text": "離",
        "userDefined": false
      },
      {
        "text": "開",
        "meta": "@sys.ignore",
        "userDefined": false
      },
      {
        "text": "對話",
        "userDefined": false
      }
    ],
    "isTemplate": false,
    "count": 0,
    "updated": 0
  }
]