[
  {
    "value": "1",
    "synonyms": [
      "1",
      "風速1",
      "風速弱",
      "弱",
      "最低風速",
      "最低",
      "fan speed 1",
      "speed 1",
      "風量1",
      "風量弱",
      "風量小",
      "風量低",
      "模式1"
    ]
  },
  {
    "value": "2",
    "synonyms": [
      "2",
      "風速2",
      "風速中",
      "中",
      "中速",
      "fan speed 2",
      "speed 2",
      "風量2",
      "風量中",
      "模式2"
    ]
  },
  {
    "value": "3",
    "synonyms": [
      "3",
      "風速3",
      "風速強",
      "強",
      "強速",
      "fan speed 3",
      "speed 3",
      "風量3",
      "風量強",
      "模式3"
    ]
  }
]